listing_id,nickname,title
63697e4d67d494004d225059,Copy GL512:Jon,Studio #512 @ Perfect Location w/ Pool, Hot Tub
63697e4906df72004367fe6a,Copy GL521:Tony,Studio #521 Perfect Location w/ Pool & Hot Tub!
5fc7130eea50e6002e496604,228E7: West Wing 2/2,West Wing of Cloud City Castle w/ Hot Tub
6814307ec167a4001098d0be,CB:GL303:Charles,1 Bedroom Condo Perfect Location #303 with Pool and Hot Tub
68fff19bacdfb2001142e67d,CB:GL425:Marilou,1 Bedroom Condo Perfect Location #425 with Pool and Hot Tub
68670911cfda0a00137bac75,CB:LMS608:Cheryl- 1,1 Bedroom Top floor Vaulted open space Base Area Luxury
61f026b13945c70034e57880,GrandLodge272:OLD,1 Bedroom: #272 @ Perfect Location w/ Pool & Hot Tub + Pets Okay!
5ee1ed8248191d00523b5720,118W6: Old,1880s Victorian Remodel - 1/2 block from downtown
67af90af53174c00125f2970,GRANBYSlvrCrk547549,1BR Condo w/ View: Pool Gym Sauna Steam Room
6542dec9403d05004fa12085,GRANB:SlvrCrk547&549,1BR Condo w/ View: Pool Gym Sauna Steam Room
67af8fa56a2c4900121a1f79,GRANB:SilverCreek 1,1BR Condo:Mountain View Pools Sauna Games & Gym
6542dec5236131005111b81b,GRANB:SilvrCrk549Dup,1BR Condo:Mountain View Pools Sauna Games & Gym
5ed162e8694a2f002d6511ba,LEAD:625E11:CTCLoft,1BR Cozy Condo - Backyard w/ Picnic - Leadville
69f3de10b2daa90013e766c3,LEAD:800Pop Unit C,1BR Cozy Downtown Studio Condo: Hiking Nearby
69f3ddfe0acad70013994d2c,LEAD:800Pop Unit B,1BR Cozy Downtown Studio Condo: Hiking Nearby
5c06a7300be9f9002a59e0f7,LEAD:800Pop Hikers,1BR Cozy Downtown Studio Condo: Hiking Nearby
5f46bd69f21fff002c45d079,VAIL:225EagleGarden,1BR Garden Apartment: Pool Tennis Golf Course
6542dec7403d05004fa11cf2,GRANB:SilverCreek547,1BR Mountain View Condo: Pools Sauna Games & Gym
67af8e97ede1340014adf4af,GRANB:SilvrCrk547Dup,1BR Mountain View Condo: Pools Sauna Games & Gym
5c1e24f6338fd10033ac7d76,LEAD:800Pop Unit2,1BR Pets Ok +Great Views + 1 block from Main St
63b72bb74b891a00611a58c6,LEAD:TrappersTreas5B,1BR w/ Loft Cabin: Fireplace & Mountain View
68256c8c48e69c0010d11e2f,CB:LMS513:Salih -1,1BR Perfect View of ski resort Base Area Luxury
61ef9d97b33b060034d21911,GL274:Zach,1bd #274 @ Perfect Location w/ Pool & Hot Tub
68256d06b570d5001275d38a,CB:LMS513:Salih 1&2,2 Bedroom Condo at the Lodge at Mountaineer Square Hot Tub and Pool
68670dfeac12220013082ac1,CB:LMS608:Cheryl1&2,2 Bedroom Penthouse Condo at the Lodge at Mountaineer Square Hot Tub and Pool
6882bbc6ec8aca0023f6bbac,CB:LMS509:Carlste1&2,2 Bedroom 3 Bath Amazing view Base Area Luxury
6a0674f96f57f400126e1d3d,CB:LMS407:Benson,2 Bedroom 3 Bath Amazing view Base Area Luxury
5f46b452af7b8d002cafa347,VAIL:931Red12:Kuhn,2-BR Condo by Vail Resort: Outdoor Patio Parking
6227ac6b4d2cb00036c4f738,LEAD:120E14th:KITSPL,2BR - Hot Tub - Deck w/ Amazing Mountain Views
63b72b0fcd825200453f7747,LEAD:124WDreamHome,2BR Cabin Deck Lake View & Access BBQ Pets OK!
6109acf90455ad0030c66922,VAIL:931Red9:Steers,2BR Condo - Near Vail Ski Resort Market & Hiking
644360a7186d7c004300e2e3,GRANB:96MtnsideDr#95,2BR Condo Getaway - Private Hot Tub Fireplace
68f96764b2ae4600218c3a29,GRANB:LakeDr#3303,2BR Condo in Granby - Minutes to ski lift
63b72b1353058d0057b62abd,TWIN:237RidgeQuaking,2BR Cozy Cabin: Mountain Views & Cozy Fireplace
5f31f77827046e002d00ba29,LEAD:625E11th:CTC2BR,2BR Mountain Retreat - Near Mineral Trail Balcony
6660cb33429ba6002f79b907,TWIN:124PeakView:Car,2BR Mountain View Retreat - Near Twin Lakes
697d006cf7fb0b0014b96ea6,TWIN:853Spruce:Abbot,2BR New Home in Twin Lakes Views Pet Friendly
63b70788cd825200453b1ff6,LEAD:301E7th:Rose,2BR Victorian Home: Mountain View & Near Town
640280c605f0e500369515d9,LEAD:406W7:Dressmkrs,2BR Victorian Retreat - Sauna - Blocks to Harrison
63b7077fac7d360034ac3a02,LEAD:130E11:Wildflwr,2BR Victorian Retreat Near Trail & Pet Friendly
63b7079653058d0057b2c73f,LEAD:BlueBucket4B,2BR w/ Loft - Fireplace BBQ Horseshoe Pit Swing
680a45b69d11670013fc9a3a,LEAD:207WChestnutSt,2br bike storage pet friendly walk to main st
673c02a67a59e500115c2003,LEAD:3ALostMineLoop,3 Bed Cabin Fireplace Lodgepole Pines
5effe6f4d40d85002dd80769,LEAD:215E7:MomsHouse,3BR + Hot Tub | Walk Harrison Ave | Dogs OK
63b72cd7cd825200453fd6d7,LEAD:62Mother:Vista,3BR - Hot Tub Jacuzzi Stunning Mt. Elbert Views
65f3ad404c9b7e0013b508f6,LEAD:1012Harrison:KB,3BR - Near Mt Massive & Mt Sherman Escape
630d5455a0ba96003213e034,TWIN:284Spruce:GJ,3BR Cabin Escape - Fenced Yard Jacuzzi Pets OK
628c0ee644f6e10034a87cea,TWIN:123TwinPeaksDr,3BR Cabin Escape w/ Deck Twin Lakes Mountain View
5f4729430aa58a0029da6b88,GRANB:Edgewater111,3BR Cabin on Fraser River Fish Hike Golf
63b705f177956f00544f8d25,LEAD:1820AutumnDrive,3BR Cozy Cabin - Tranquil Forest - Pet Friendly
63b72b1177956f0054533054,LEAD:813ClarendonAve,3BR Mountain View - Covered Patio - Pet Friendly
5fb4067acb70d60030c7fe13,VAIL:225EagleUp,3BR Townhouse Near Resort: Pool Golf course Tennis
63bae2a69109e800309efc59,LEAD:116E11Snowshire,3BR Victorian Home:Fireplace View Near Town
646fb2d39da0e4005357f658,VAIL:Seasons520:Alan,3BR short walk to ski lift Fireplace and Balcony
6813e16dc167a40010965a71,LEAD:131BrooklynCr,3BR | 2.5 bath Mountain Views 1 Mile to downtown
61dd1dbf55841d0032bce03a,GRANB:Edgewater131,3br cabin on Fraser River Fish Ski Hike Golf
6650c68508ec0400130d6bc0,TWIN:796Spruce:Alan,4BD Log Home in Twin Lakes Amazing Views Pets OK
63b7082804bd5e0058e801fa,LEAD:229W6CooperHous,4BR - Pet Friendly Near Cooper Mountain - 9 Guest
5b3ad5839c858400110a23ee,LEAD:GMMainUnit:A&N,4BR - Pool Table - Sauna - Pet Friendly
63b707ec057301004defcc15,LEAD:815WChest:Brown,4BR Bungalow - Spacious Backyard & Pet Friendly
6479199a4c9c63002e51a8c5,LEAD:608W7:Peter,4BR Charm - Fenced In - Near Harrison Ave Pets OK
6500d81be26f2b0046ea4533,GRANB:Edgewater103,4BR Fishing Cabin-Granby River Access-Hot Tub
63b72c37fd07ee005575aa5d,LEAD:715TurquoiseSt,4BR Forest Oasis - Outdoor Grill & Ping Pong Table
650b4213db7f9c002a49f83e,LEAD:1314GrandReview,4BR Mountain Home | Fireplace King Beds Fast Wi-Fi
5d41cdd13f925b004d78bdc6,LEAD:228E7:EGemPalac,4BR Victorian - Hot Tub - Sauna - Sleeps 10!
63b707b1fd07ee0055711653,LEAD:120W8:Josephine,4BR Victorian Hot Tub Short Walk to Harrison Ave
620d7a4dc2396600344ae5d9,VAIL:41SpringCreek,4BR in Edwards - Hot Tub Workspace Game Room
63b705d877956f00544f87d5,LEAD:124E8:PaintedL,4BR w/ Jacuzzi sleeps 10. Pets OK! Near Harrison
63b7080553058d0057b2d1a2,Woodrose 9A,4bd in the Woods Peaceful Escape
63b72cf09c4284004bb3e16b,LEAD:139E8:HenHouse,6BR Cozy Victorian - Block from Main St - Groups
61898c1479046e0034be5798,LEAD:119E14:Walsh,Affordable 2BR - Near Mainstreet - Harrison Ave
63bb2ac1e896e300412e3026,LEAD:120E8th:Alpine,Alpine House Downtown Leadville Victorian
6814318dbc17460012fec820,CB:GL569:James,Amazing View Top Floor w Pool Hot Tub Ski In-Out
5cf3784f12a7b5005a66680d,870kal: entire house,Amazing house downtown with rooftop hot tub
644aebba66b10c00518b373f,802W12: ALEX,Andrew's Rowhouse 2bd in Denver!
63b7062077956f00544f9610,Angell's Retreat,Angell's Retreat 3bd Cabin in Twin Lakes
6375afb6c84c610046859476,200BabyDoe:King,Baby Doe's 1bd Cabin Peaceful Location
5bfeba10b2cc54002aacf322,Balcony on Ritz city/ mountain view,Balcony on Ritz city/ mountain view
687dfc4bc1cc1e001347165c,CB:LMS509:Carlste-1,Beautiful 1 Bedroom with Full mountain views!
69ea3f35e510b50013dd0429,CB:LMS223:Miller-2,Beautiful King Room in the Lodge at Mountaineer Square
69ea3fbfffc7e60014df2024,CB:LMS223:Miller-1,Beautiful Lodge at Mountaineer Square 2 Bedroom
5c1e24f7338fd10033ac7d7f,Beautiful PCB Condo,Beautiful PCB Condo
626c6c4356e19d00320ddabf,74CrestaRd#311,Beautiful renovated 2bd near hiking ski in/out
65382f07ae647a0047f41f91,CB:GL317:Kaminski,Beautifully Renovated! Studio near Resort Pool Hot Tub
6695978439f00f0013a43092,SUMMIT:114Beaver,Beaver Lodge Condo Walk to Lake Dillon
6824162f731aab0012dc2a33,CB:LMS515:Martyn,Best View in CB! Ski In-Out Pool Hot Tub Sauna!
690a881f7db4470014efd0a5,CB:BB303:Rogers,Black Bear Lodge #303 2BR Walk-to-Lift Condo with Heated Garage
5bfeb8bb00448c002aff320c,Brick Lane private room w bathroom,Brick Lane private room w bathroom
6553a96b56cd590046fd457c,LEAD:166BrooklynCir,Brooklyn Circle Loft Leadville Newly Built 1BR + Loft
60c8fc79380a8f002e426726,Casa Blanca,Casa Blanca w/ Modern Home w/ Hot Tub & Pets okay!
63b7080c04bd5e0058e7fcf1,LEAD:220E9th:Zinnia,Charming 2BR - Mountain Views Walk to Main St
5c1c7eca17fc9300456ac30f,LEAD:MHZion:A&N,Charming Suite: HotTub Pool Table Sauna Deck
5edd46b2c4442a002d852113,LEAD:118W6:PaulStone,Charming Victorian 3BR - City Center - Turquoise
5f170dda42aea2002b998a99,LEAD:OSV103:Hess,Chic 2BR: Near Downtown Copper Mountain
5a0bd644ccd04c0f0028e29f,Room 1 - 500 W 6th,Clean & Cozy w/ Incredible Views! + Pets okay
5d43c69710f99e0050a9674c,228E7: Full House,Cloud City Castle with Hot Tub (For Groups) pets ok
686709f4e49ddd00111589aa,CB:LMS608:Cheryl- 2,Comfortable King Hotel Room on the top Floor Best Location on the Mtn!
5bee66aabbb919003646fcf8,500w6: Caitlins Unit,Comfy Condo with the Best View in Leadville!
6864578a4cdb20000e12c036,CB:GL570:John,Corner King Room with Pool Hot Tub Close to Slopes!
68687f7ad297150011e30fd3,CB:WoodCreek302: Rog,Cozy 1 Bedroom with an expansive view!
5c06a8f491071f0049970a77,Poplar: Miner Shack,Cozy 1BR Condo Mountain View in Downtown Leadville
613ffc973d9e6e002fe19398,1040VailView: Foy,Cozy 2 Bedroom Minutes to Year Round Adventures
66957b8c22e6e50011048082,SUMMIT:37Hummingbird,Cozy 2BR Condo Escape - Fireplace Near Downtown
613ffc9570faed003038cc39,13eagleC: Clevenger,Cozy 3br close to the slopes
5daf8ce40ff98100331c0b95,GranbyEdgewaterOLD,Cozy Cabin Home w/ hot tub pool!
5b3ad5839c858400110a23d9,LEAD:GM1Bed:A&N,Cozy Historic Condo Pet Friendly Copper Mountain
5c096ab0e98079002b5b643d,LEAD:MHYellowstneA&N,Cozy Suite w/ Hot Tub Pool Table Sauna Deck
5cf0cb081938740064fbde38,737 Kal: upstairs,Cozy loft w/ private gym and hot tub!
5a0298e2e34859350008b42a,Room 2 - 500 W 6th,Cozy mountain home Beautiful Views + Pets Okay!
5d3dd19fe53edf003e5bf076,1222 Room,Cozy room in beautiful Whittier home
5cf0cb061938740064fbddb1,737 Kal: Whole House,Denver Getaway with private hot tub!
6449d4b0c392a20076501ba0,LEAD:94Mother:DocsPl,Doc's Place
61c170cb67a1000034a2c7a3,Doc's Place,Doc's Place w/ Beautiful Hot Tub Views!
60bfb5d093f95e002f9b19d9,Granby Mnt INACTIVE,Duplicate New Listing! Slopeside condo with Private Hot Tub!
5bfeee0c58f87a0048ed9428,LEAD:MHYosemite:A&N,Elegant Suite: Hot Tub Pool Table BBQ Sauna
68fa5808fed71700220a5761,LEAD:788EmeraldSt,Emerald Pines Escape
5b4e5f54fa331f003629933a,"Master Bedroom, W6",En-suite Master BR pets OK Gorgeous Views!
63b706174b891a006116b745,LEAD:100E12Fairhaven,Fairhaven House Downtown Leadville
5d302863466fbb003c4b7ee5,OSV: 103 (old),Fantastic Stylish Loft In Historic Leadville!
5d43c69710f99e0050a96741,228E7: West Forest F,Forest Fortress at the Cloud City Castle & Hot Tub
690e64a02d3e1900139ea4c0,CB:GL319:Ramirez,Fully Updated Studio Near Resort with Pool Hot Tub
674923f210822a0012d226a9,CB:GL412&414,Grand Lodge 412 & 414 Ski-In/Out Combo Suite + Pets OK
63697e42142d570046bc355a,CB:GL518:JJones,Grand Lodge CB #518 Remodeled Ski-In/Out Hot Tub Pets
676dd9f6d5d386001242bcc9,CB:GL207Rosenbaum,Grand Lodge Crested Butte Ski-In/Out Condo #207
6744cc2707c0f70010a52101,CB:GL107:Nadim,Grand Lodge Crested Butte Pet Friendly Studio 107
624f3c910e1cbe00339a43c9,CB:GL115:Olsen,Grand Lodge Crested Butte Studio #115 (Pet-Friendly)
686ffd662c92d10013a1a62f,CB:GL113:Alan,Grand Lodge Studio 113 Pet-Friendly with Pool & Hot Tub
63697e3506df72004367f486,CB:GL120:Ziv,Grand Lodge Studio 120 Walk to Lifts Pool & Hot Tub
66576d6f3092ff001209050c,CB:GL153:Salih,Grand Lodge Studio 153 Walk to Ski Lifts Pool Hot Tub
6749240cbf6ae2000fd8e7bf,CB:GL412:Haler,Grand Lodge Studio 412 Pet-Friendly Ski-In/Out Mt Crested Butte | Traverse
674923ff406c3c0011730b81,CB:GL414:Haler,Grand Lodge Studio 414 Pet-Friendly Walk to Lifts in Mt CB | Traverse
63b70760057301004defbdb0,Lackawanna 1A,Grand West Village 1br cabin
68e9911ea28a0e0013c0f5ae,CB:Plaza642: Berger,Great Mtn View at the Plaza 2 Bed 2 Bath close to skiing!
63b704c5ac7d360034abddff,Scalf House,Great location 4br home in Leadville
5c301452704b24004a7cc610,PCB:Majestic:Haler,Gulf Front | 5 Pools | Beach Access | 3BR Sleeps 8
63b706ff77956f00544fb1cb,EAS139,Hen House
56c55fb9479d2f0300d0309e,3308 at Denver Place,High Rise in the Heart of Downtown Denver!
63b72cd804bd5e0058eca0a1,LEAD:517W3rdRedBrick,Historic 3BR w/ Loft:Mountain View & Near Town
5b3ad5849c858400110a2402,LEAD:GMAtticLoft:A&N,Historic Loft - Overlooking Leadville - Pets OK
57d97b1b2ed194030064c938,Samantha Loft,Historic Loft in Heart of Downtown!
5bdefba389d17800548a4aee,LEAD:OSV201:Haler,Historic Loft Downtown Leadville Balcony Sauna
5d43ef2790b74c006c9f6d99,"Historic, Cozy Loft in center of Leadville! (1)",Historic Cozy Loft in center of Leadville!
63b706d4057301004defaf88,Hollyhock,Hollyhock
60905eaae5ff2c002dc1e166,Casa Buen Camino,Hot Tub star gazing at Casa Buen Camino /New AC / Pets welcome!
5d81200aece58c006a348496,LEAD:1010Harrison:CW,Hot Tub | 2min Walk | Mtn Views | Sleeps 8 + Pets
5fd10561896c95002fbd5f9c,LEAD:99ImogeneCir,Imogene Home Leadville (Hot Tub Sleeps 10)
63b705dbfd07ee005570d986,LEAD:111W7:LadySage,Lady Sage 1890s Leadville Victorian with Two Kitchens
5bfeee0b58f87a0048ed93f6,LEAD:MHArches:A&N,Large Suite -Sauna Hot Tub Pool Table Deck BBQ
61b9047ca29fca0036e4e895,CB:GL504:Tony,Larger 1BR w/ Pool Hot Tub Biking Trails
603fb6e43af84f0032ce14b3,LEAD:710pine:Haler,Leadville 1BR Hot Tub Walk to Main Pets OK
5bfeb8bb00448c002aff31ba,Luxury Penthouse High Rise in LODO,Luxury Penthouse High Rise in LODO
5bfeb8ba00448c002aff316f,Luxury Penthouse Suite in LODO,Luxury Penthouse Suite in LODO
5b475723a65cb4002baadfe2,GM: Master Suite,Master Suite in Governor's Mansion sauna pool table private jacuzzi!
5e2b967b9f5a6100b2ce04b3,LEAD:212E9:Mayor's,Midterm 5BR Historic Victorian - Near Downtown
61fc437f83a3f300362b8b73,Miles House,Miles House title
5dab22cfd5ef6300a71d405a,Creekside,NEW Listing! Stunning Boulder Getaway w/ Jacuzzi & Log Cabin
5d9e5787aadddb005ce00b12,Snowmass,NEW Listing! Stunning Mountain Ranch House w/ Great Views!
63b461573f7bb5004c589407,DL: Entire LilyOLD,New J-Tree Compound 5Min to Park! Pool+Spa+5Acres!
66d78721b827a90013c372e0,LEAD:401AugustaSmith,New Listing! 4BR - Hot Tub - Pets OK!
5d4313a1c49b28004a4a8fd2,LEAD:OSV303:Nadim,Old St. Vincent's 303 Sauna | 14ft Loft | Mtn Views | Walk Downtown
60410c120e3624002f4fed40,DL: biltmore,Original Homestead Cabin with pool!
66288104509f1f0013003b94,DL: biltmore Dup1,Original Homestead Cabin with pool!
60119fa127266700309000a7,LEAD:OSV102:Godsey,Papa's Place Historic 1BR Loft in Downtown Leadville
627b07848c3c3800339123c5,CB:GL272:Zach,Pets OK Ski In/Out Pool Hot Tub & Affordable!
63b70844fd07ee00557130ca,Pink Poppy,Pink Poppy
5f8391d8366801002b9e5ce1,Quail Country,Quail Country Retreat
5d43c69710f99e0050a96734,228E7: sauna room,Queen's Cove in East Wing of Cloud City Castle w/ Hot Tub!
6684695f82e0940013a8b3ba,Breck: DO NOT USE,Relaxing 2 Bedroom steps from Vail Resort
612560e95a32240030b886a5,CB:GL211:Gloven,Ski In/Out Pool Hot Tub + Pets OK!
5c38a3cb6d3f8b0076761b23,LEAD:GMBigGroups:A&N,Sleeps 14 | Sauna | Pool Table | Walk to Main St
5f98325d8a3b14002e393054,Granby Mountain OLD,Slopeside condo with Private Hot Tub!
60d0dba949b547002ec977f6,[old] delaware King,Standard King Room - New Ownership @ The Delaware Hotel!
61b90473d49b5400312a24df,GL107:Nadim OLD,Studio #107 @ Perfect Location w/ Pool & Hot Tub
6270a5f4f40d750036fed701,CB:GL305:Cilli,Studio w/ Pool Hot Tub Near Resort and Museum
692639c8c93bc400138c7511,CB:GL307:Oliver,Studio with Biking Trails Pool Hot Tub
68238d1cc75ef5002b52ab7a,CB:GL505:Sanders,Studio with Pool Hot Tub Biking Trails
5bfeb8bb00448c002aff31f1,DEN:870KalDown:Nadim,Stylish modern room with rooftop hot tub
5b3dd1fcb812c2002f993cb8,500w6: Upstairs,The Hilltop Haven w Hot Tub & The Best Views!
5f2ee35e0a0b48002c8095b6,LEAD:500w6:Down:A&N,The Hilltop Suite Mt Massive Views | Pet OK | EV Charger | Sleeps 4
5e2fc8a056a1e2009191e8c3,212E9: Holy Cross,The Holy Cross Rooms in Mayor's Manor - Downtown & Historic!
63b72b72057301004df33bf4,LEAD:813Sprce:IcePal,The Ice Palace
60b42186c6c6be0031ebb546,128 W 8th Caitlin,The Victorian Aspen Grove- 2bd w/ Sauna & Gym!
5e2fc8a156a1e2009191e8fc,212E9: Mt. Elbert,Mt. Elbert Room in the Mayor's Manor
5e2fc8a156a1e2009191e8e2,212E9: Mt. Massive,Mt. Massive Room in Mayor's Manor
69d1caae7f067f0013f8fdab,CB:Plaza233:Yates,The Plaza 233 Walk to CBMR & 2 Hot Tubs
